run,round,move,t0_abs_frame,rng_at_t0,moveRoll_dt,A_partyAnimSet_dt,partyBusySet_dt,partyBusyClear_dt,dmgHPFrame_dt,queenBusyClear_dt,gate30Armed_dt,nextTurnRoll_dt,nextActorCopied_dt
C_s2,1,AoeEarth,115,3446950244,1,164,292,326,340,345,346,376,377
C_s3,1,AoeEarth,116,386406236,1,164,292,326,340,345,346,376,377
C_s4,1,AoeEarth,105,95967802,1,184,312,346,360,365,366,396,397
C_s5,1,AoeEarth,104,2137720988,1,164,292,326,340,345,346,376,377
C_s6,1,AoeEarth,115,1709544403,1,164,292,326,340,345,346,376,377
C_s7,1,AoeEarth,107,1705472497,1,178,306,340,354,359,360,390,391
C_s12,1,AoeEarth,126,1415168867,1,152,280,314,328,333,334,364,365
D_fire1_by5,1,AoeEarth,413,479632212,1,164,292,326,340,345,346,376,377
D_fire1_by1,1,AoeEarth,412,479632212,1,164,292,326,340,345,346,376,377
D_wind2_by4,1,AoeEarth,372,2986319894,1,164,292,326,340,345,346,376,377
D_fire2aoe_by4,1,AoeEarth,518,730508455,1,58,186,220,234,239,240,270,271
D_earth2aoe_by4,1,AoeEarth,405,730508455,1,58,186,220,234,239,240,270,271
G_dual45_s2,1,AoeEarth,180,3038517493,1,174,302,336,350,355,356,386,387
G_dual45_s3,1,AoeEarth,181,3594251043,1,164,292,326,340,345,346,376,377
G_late3_s3,1,AoeEarth,105,3782750003,1,164,292,326,340,345,346,376,377
G_late3_s4,1,AoeEarth,124,994907939,1,152,280,314,328,333,334,364,365
G_late3_s5,1,AoeEarth,105,431767561,1,184,312,346,360,365,366,396,397
G_late3_s6,1,AoeEarth,118,1527157219,1,164,292,326,340,345,346,376,377
G_status,1,AoeEarth,183,2986319894,1,164,292,326,340,345,346,376,377
L_fire1_s1,1,AoeEarth,1065,2970165622,1,99,227,261,275,280,281,311,312
L_fire1_s2,1,AoeEarth,1045,1048126461,1,164,292,326,340,345,346,376,377
L_item_s2,1,AoeEarth,322,3880004016,1,178,306,340,354,359,360,390,391
M_def_s1,1,AoeEarth,101,370755494,1,164,292,326,340,345,346,376,377
M_att9_s1,1,AoeEarth,101,370755494,1,164,292,326,340,345,346,376,377
M_att7_s1,1,AoeEarth,101,370755494,1,164,292,326,340,345,346,376,377
M_att6_s1,1,AoeEarth,101,370755494,1,164,292,326,340,345,346,376,377
M_fire1_s1,1,AoeEarth,101,370755494,1,164,292,326,340,345,346,376,377
M_fire2_s1,1,AoeEarth,101,370755494,1,164,292,326,340,345,346,376,377
M_item_s1,1,AoeEarth,101,370755494,1,164,292,326,340,345,346,376,377
M_unite_s1,1,AoeEarth,101,370755494,1,164,292,326,340,345,346,376,377
M_def_s2,1,AoeEarth,106,1882368541,1,171,299,333,347,352,353,383,384
M_att9_s2,1,AoeEarth,106,1882368541,1,171,299,333,347,352,353,383,384
M_att7_s2,1,AoeEarth,106,1882368541,1,171,299,333,347,352,353,383,384
M_att6_s2,1,AoeEarth,106,1882368541,1,171,299,333,347,352,353,383,384
M_fire1_s2,1,AoeEarth,106,1882368541,1,171,299,333,347,352,353,383,384
M_fire2_s2,1,AoeEarth,106,1882368541,1,171,299,333,347,352,353,383,384
M_item_s2,1,AoeEarth,106,1882368541,1,171,299,333,347,352,353,383,384
M_unite_s2,1,AoeEarth,105,1882368541,1,166,294,328,342,347,348,378,379
R_A_s1,1,AoeEarth,105,2930902958,1,174,302,336,350,355,356,386,387
R_A_s1,2,AoeEarth,736,3882739177,1,186,314,348,362,367,368,398,399
R_A_s2,1,AoeEarth,115,3265360020,1,142,270,304,318,323,324,354,355
R_A_s2,3,AoeEarth,1059,4290783322,1,164,292,326,340,345,346,376,377
R_A_s3,1,AoeEarth,106,3737352447,1,186,314,348,362,367,368,398,399
R_A_s3,2,AoeEarth,749,458450645,1,164,292,326,340,345,346,525,526
R_B_s1,1,AoeEarth,105,2930902958,1,174,302,336,350,355,356,386,387
R_B_s1,2,AoeEarth,736,3882739177,1,186,314,348,362,367,368,398,399
R_B_s2,1,AoeEarth,115,3265360020,1,142,270,304,318,323,324,354,355
R_B_s2,3,AoeEarth,1059,4290783322,1,164,292,326,340,345,346,376,377
R_B_s3,1,AoeEarth,106,3737352447,1,186,314,348,362,367,368,398,399
R_B_s3,2,AoeEarth,749,458450645,1,164,292,326,340,345,346,376,377
C_s1,1,CommandAnts,114,533174595,1,,,,,,107,137,138
C_s8,1,CommandAnts,105,853191233,1,,,,,,107,137,138
C_s9,1,CommandAnts,127,2607034660,1,,,,,,107,137,138
C_s10,1,CommandAnts,125,2412138638,1,,,,,,107,137,138
C_s11,1,CommandAnts,104,3098131009,1,,,,,,107,137,138
D_fire1_by4,1,CommandAnts,402,3106217097,1,,,,,,107,137,138
D_lightning1_by4,1,CommandAnts,413,1753390062,1,,,,,,107,137,138
D_souleater1_by4,1,CommandAnts,694,684546871,1,,,,,,107,137,138
D_unite_talisman,1,CommandAnts,104,270574953,1,,,,,,107,137,138
G_dual45_s1,1,CommandAnts,190,1737477841,1,,,,,,107,137,138
G_dual13_s1,1,CommandAnts,113,958516387,1,,,,,,107,137,138
G_dual13_s2,1,CommandAnts,111,1437441782,1,,,,,,107,137,138
G_late3_s1,1,CommandAnts,104,172455687,1,,,,,,107,137,138
G_late3_s1,2,CommandAnts,957,1221086121,1,,,,,,107,137,138
G_late3_s2,1,CommandAnts,138,2987806342,1,,,,,,107,137,138
G_late3_s6,2,CommandAnts,863,1623762711,1,,,,,,107,137,138
G_status,2,CommandAnts,974,423998996,1,,,,,,107,137,138
L_attack_s1,1,CommandAnts,376,3163673167,1,,,,,,107,137,138
L_defend_s1,1,CommandAnts,106,3020355373,1,,,,,,107,137,138
L_item_s1,1,CommandAnts,298,3020355373,1,,,,,,107,137,138
L_unite_s1,1,CommandAnts,376,3163673167,1,,,,,,107,137,138
L_defend_s2,1,CommandAnts,130,2362484979,1,,,,,,107,137,138
R_A_s2,2,CommandAnts,670,3541496257,1,,,,,,107,137,138
R_B_s2,2,CommandAnts,670,3541496257,1,,,,,,107,137,138
R_B_s3,3,CommandAnts,1379,2182747697,1,,,,,,107,137,138
